Route_name,Route_link
Bangalore to Kozhikode,https://www.redbus.in/bus-tickets/bangalore-to-kozhikode
Kozhikode to Bangalore,https://www.redbus.in/bus-tickets/kozhikode-to-bangalore
Kozhikode to Ernakulam,https://www.redbus.in/bus-tickets/kozhikode-to-ernakulam
Ernakulam to Kozhikode,https://www.redbus.in/bus-tickets/ernakulam-to-kozhikode
Bangalore to Kannur,https://www.redbus.in/bus-tickets/bangalore-to-kannur
Kozhikode to Mysore,https://www.redbus.in/bus-tickets/kozhikode-to-mysore
Kannur to Bangalore,https://www.redbus.in/bus-tickets/kannur-to-bangalore
Kozhikode to Thiruvananthapuram,https://www.redbus.in/bus-tickets/kozhikode-to-thiruvananthapuram
Mysore to Kozhikode,https://www.redbus.in/bus-tickets/mysore-to-kozhikode
Bangalore to Kalpetta (kerala),https://www.redbus.in/bus-tickets/bangalore-to-kalpetta
Kalpetta (kerala) to Bangalore,https://www.redbus.in/bus-tickets/kalpetta-to-bangalore
Thiruvananthapuram to Kozhikode,https://www.redbus.in/bus-tickets/thiruvananthapuram-to-kozhikode
Kozhikode to Thrissur,https://www.redbus.in/bus-tickets/kozhikode-to-thrissur
Kozhikode to Kottayam,https://www.redbus.in/bus-tickets/kozhikode-to-kottayam
Kottayam to Kozhikode,https://www.redbus.in/bus-tickets/kottayam-to-kozhikode
Hyderabad to Vijayawada,https://www.redbus.in/bus-tickets/hyderabad-to-vijayawada
Vijayawada to Hyderabad,https://www.redbus.in/bus-tickets/vijayawada-to-hyderabad
Hyderabad to Ongole,https://www.redbus.in/bus-tickets/hyderabad-to-ongole
Kakinada to Visakhapatnam,https://www.redbus.in/bus-tickets/kakinada-to-visakhapatnam
Bangalore to Tirupati,https://www.redbus.in/bus-tickets/bangalore-to-tirupathi
Bangalore to Kadapa,https://www.redbus.in/bus-tickets/bangalore-to-kadapa
Ongole to Hyderabad,https://www.redbus.in/bus-tickets/ongole-to-hyderabad
Kadapa to Bangalore,https://www.redbus.in/bus-tickets/kadapa-to-bangalore
Chittoor (Andhra Pradesh) to Bangalore,https://www.redbus.in/bus-tickets/chittoor-andhra-pradesh-to-bangalore
Visakhapatnam to Kakinada,https://www.redbus.in/bus-tickets/visakhapatnam-to-kakinada
Hyderabad to Vijayawada,https://www.redbus.in/bus-tickets/hyderabad-to-vijayawada
Vijayawada to Hyderabad,https://www.redbus.in/bus-tickets/vijayawada-to-hyderabad
Hyderabad to Ongole,https://www.redbus.in/bus-tickets/hyderabad-to-ongole
Kakinada to Visakhapatnam,https://www.redbus.in/bus-tickets/kakinada-to-visakhapatnam
Bangalore to Tirupati,https://www.redbus.in/bus-tickets/bangalore-to-tirupathi
Bangalore to Kadapa,https://www.redbus.in/bus-tickets/bangalore-to-kadapa
Ongole to Hyderabad,https://www.redbus.in/bus-tickets/ongole-to-hyderabad
Kadapa to Bangalore,https://www.redbus.in/bus-tickets/kadapa-to-bangalore
Chittoor (Andhra Pradesh) to Bangalore,https://www.redbus.in/bus-tickets/chittoor-andhra-pradesh-to-bangalore
Visakhapatnam to Kakinada,https://www.redbus.in/bus-tickets/visakhapatnam-to-kakinada
Hyderabad to Vijayawada,https://www.redbus.in/bus-tickets/hyderabad-to-vijayawada
Vijayawada to Hyderabad,https://www.redbus.in/bus-tickets/vijayawada-to-hyderabad
Hyderabad to Ongole,https://www.redbus.in/bus-tickets/hyderabad-to-ongole
Kakinada to Visakhapatnam,https://www.redbus.in/bus-tickets/kakinada-to-visakhapatnam
Bangalore to Tirupati,https://www.redbus.in/bus-tickets/bangalore-to-tirupathi
Bangalore to Kadapa,https://www.redbus.in/bus-tickets/bangalore-to-kadapa
Ongole to Hyderabad,https://www.redbus.in/bus-tickets/ongole-to-hyderabad
Kadapa to Bangalore,https://www.redbus.in/bus-tickets/kadapa-to-bangalore
Chittoor (Andhra Pradesh) to Bangalore,https://www.redbus.in/bus-tickets/chittoor-andhra-pradesh-to-bangalore
Visakhapatnam to Kakinada,https://www.redbus.in/bus-tickets/visakhapatnam-to-kakinada
Hyderabad to Vijayawada,https://www.redbus.in/bus-tickets/hyderabad-to-vijayawada
Vijayawada to Hyderabad,https://www.redbus.in/bus-tickets/vijayawada-to-hyderabad
Hyderabad to Ongole,https://www.redbus.in/bus-tickets/hyderabad-to-ongole
Kakinada to Visakhapatnam,https://www.redbus.in/bus-tickets/kakinada-to-visakhapatnam
Bangalore to Tirupati,https://www.redbus.in/bus-tickets/bangalore-to-tirupathi
Bangalore to Kadapa,https://www.redbus.in/bus-tickets/bangalore-to-kadapa
Ongole to Hyderabad,https://www.redbus.in/bus-tickets/ongole-to-hyderabad
Kadapa to Bangalore,https://www.redbus.in/bus-tickets/kadapa-to-bangalore
Chittoor (Andhra Pradesh) to Bangalore,https://www.redbus.in/bus-tickets/chittoor-andhra-pradesh-to-bangalore
Visakhapatnam to Kakinada,https://www.redbus.in/bus-tickets/visakhapatnam-to-kakinada
Hyderabad to Vijayawada,https://www.redbus.in/bus-tickets/hyderabad-to-vijayawada
Khammam to Hyderabad,https://www.redbus.in/bus-tickets/khammam-to-hyderabad
Hyderabad to Khammam,https://www.redbus.in/bus-tickets/hyderabad-to-khammam
Hyderabad to Srisailam,https://www.redbus.in/bus-tickets/hyderabad-to-srisailam
Karimnagar to Hyderabad,https://www.redbus.in/bus-tickets/karimnagar-to-hyderabad
Hyderabad to Karimnagar,https://www.redbus.in/bus-tickets/hyderabad-to-karimnagar
Hyderabad to Mancherial,https://www.redbus.in/bus-tickets/hyderabad-to-mancherial
Hyderabad to Nirmal,https://www.redbus.in/bus-tickets/hyderabad-to-nirmal
Hyderabad to Adilabad,https://www.redbus.in/bus-tickets/hyderabad-to-adilabad
Hyderabad to Ongole,https://www.redbus.in/bus-tickets/hyderabad-to-ongole
Hyderabad to Vijayawada,https://www.redbus.in/bus-tickets/hyderabad-to-vijayawada
Khammam to Hyderabad,https://www.redbus.in/bus-tickets/khammam-to-hyderabad
Hyderabad to Khammam,https://www.redbus.in/bus-tickets/hyderabad-to-khammam
Hyderabad to Srisailam,https://www.redbus.in/bus-tickets/hyderabad-to-srisailam
Karimnagar to Hyderabad,https://www.redbus.in/bus-tickets/karimnagar-to-hyderabad
Hyderabad to Karimnagar,https://www.redbus.in/bus-tickets/hyderabad-to-karimnagar
Hyderabad to Mancherial,https://www.redbus.in/bus-tickets/hyderabad-to-mancherial
Hyderabad to Nirmal,https://www.redbus.in/bus-tickets/hyderabad-to-nirmal
Hyderabad to Adilabad,https://www.redbus.in/bus-tickets/hyderabad-to-adilabad
Hyderabad to Ongole,https://www.redbus.in/bus-tickets/hyderabad-to-ongole
Hyderabad to Vijayawada,https://www.redbus.in/bus-tickets/hyderabad-to-vijayawada
Khammam to Hyderabad,https://www.redbus.in/bus-tickets/khammam-to-hyderabad
Hyderabad to Khammam,https://www.redbus.in/bus-tickets/hyderabad-to-khammam
Hyderabad to Srisailam,https://www.redbus.in/bus-tickets/hyderabad-to-srisailam
Karimnagar to Hyderabad,https://www.redbus.in/bus-tickets/karimnagar-to-hyderabad
Hyderabad to Karimnagar,https://www.redbus.in/bus-tickets/hyderabad-to-karimnagar
Hyderabad to Mancherial,https://www.redbus.in/bus-tickets/hyderabad-to-mancherial
Hyderabad to Nirmal,https://www.redbus.in/bus-tickets/hyderabad-to-nirmal
Hyderabad to Adilabad,https://www.redbus.in/bus-tickets/hyderabad-to-adilabad
Hyderabad to Ongole,https://www.redbus.in/bus-tickets/hyderabad-to-ongole
Pune to Goa,https://www.redbus.in/bus-tickets/pune-to-goa
Goa to Pune,https://www.redbus.in/bus-tickets/goa-to-pune
Mumbai to Goa,https://www.redbus.in/bus-tickets/mumbai-to-goa
Bangalore to Goa,https://www.redbus.in/bus-tickets/bangalore-to-goa
Goa to Bangalore,https://www.redbus.in/bus-tickets/goa-to-bangalore
Goa to Mumbai,https://www.redbus.in/bus-tickets/goa-to-mumbai
Pandharpur to Goa,https://www.redbus.in/bus-tickets/pandharpur-to-goa
Goa to Pandharpur,https://www.redbus.in/bus-tickets/goa-to-pandharpur
Solapur to Goa,https://www.redbus.in/bus-tickets/solapur-to-goa
Calangute (goa) to Goa Airport,https://www.redbus.in/bus-tickets/calangute-goa-to-goa-airport
Pune to Goa,https://www.redbus.in/bus-tickets/pune-to-goa
Goa to Pune,https://www.redbus.in/bus-tickets/goa-to-pune
Mumbai to Goa,https://www.redbus.in/bus-tickets/mumbai-to-goa
Bangalore to Goa,https://www.redbus.in/bus-tickets/bangalore-to-goa
Goa to Bangalore,https://www.redbus.in/bus-tickets/goa-to-bangalore
Goa to Mumbai,https://www.redbus.in/bus-tickets/goa-to-mumbai
Pandharpur to Goa,https://www.redbus.in/bus-tickets/pandharpur-to-goa
Goa to Pandharpur,https://www.redbus.in/bus-tickets/goa-to-pandharpur
Solapur to Goa,https://www.redbus.in/bus-tickets/solapur-to-goa
Calangute (goa) to Goa Airport,https://www.redbus.in/bus-tickets/calangute-goa-to-goa-airport
Pune to Goa,https://www.redbus.in/bus-tickets/pune-to-goa
Goa to Pune,https://www.redbus.in/bus-tickets/goa-to-pune
Mumbai to Goa,https://www.redbus.in/bus-tickets/mumbai-to-goa
Bangalore to Goa,https://www.redbus.in/bus-tickets/bangalore-to-goa
Goa to Bangalore,https://www.redbus.in/bus-tickets/goa-to-bangalore
Goa to Mumbai,https://www.redbus.in/bus-tickets/goa-to-mumbai
Pandharpur to Goa,https://www.redbus.in/bus-tickets/pandharpur-to-goa
Goa to Pandharpur,https://www.redbus.in/bus-tickets/goa-to-pandharpur
Solapur to Goa,https://www.redbus.in/bus-tickets/solapur-to-goa
Calangute (goa) to Goa Airport,https://www.redbus.in/bus-tickets/calangute-goa-to-goa-airport
Udaipur to Jodhpur,https://www.redbus.in/bus-tickets/udaipur-to-jodhpur
Jodhpur to Ajmer,https://www.redbus.in/bus-tickets/jodhpur-to-ajmer
Beawar (Rajasthan) to Jaipur (Rajasthan),https://www.redbus.in/bus-tickets/beawer-to-jaipur
Sikar to Jaipur (Rajasthan),https://www.redbus.in/bus-tickets/sikar-to-jaipur
Jaipur (Rajasthan) to Jodhpur,https://www.redbus.in/bus-tickets/jaipur-to-jodhpur
Aligarh (uttar pradesh) to Jaipur (Rajasthan),https://www.redbus.in/bus-tickets/aligarh-uttar-pradesh-to-jaipur
Jaipur (Rajasthan) to Aligarh (uttar pradesh),https://www.redbus.in/bus-tickets/jaipur-to-aligarh-uttar-pradesh
Jodhpur to Beawar (Rajasthan),https://www.redbus.in/bus-tickets/jodhpur-to-beawer
Jaipur (Rajasthan) to Pilani,https://www.redbus.in/bus-tickets/jaipur-to-pilani
Kishangarh to Jaipur (Rajasthan),https://www.redbus.in/bus-tickets/kishangarh-to-jaipur
Udaipur to Jodhpur,https://www.redbus.in/bus-tickets/udaipur-to-jodhpur
Jodhpur to Ajmer,https://www.redbus.in/bus-tickets/jodhpur-to-ajmer
Beawar (Rajasthan) to Jaipur (Rajasthan),https://www.redbus.in/bus-tickets/beawer-to-jaipur
Sikar to Jaipur (Rajasthan),https://www.redbus.in/bus-tickets/sikar-to-jaipur
Jaipur (Rajasthan) to Jodhpur,https://www.redbus.in/bus-tickets/jaipur-to-jodhpur
Aligarh (uttar pradesh) to Jaipur (Rajasthan),https://www.redbus.in/bus-tickets/aligarh-uttar-pradesh-to-jaipur
Jaipur (Rajasthan) to Aligarh (uttar pradesh),https://www.redbus.in/bus-tickets/jaipur-to-aligarh-uttar-pradesh
Jodhpur to Beawar (Rajasthan),https://www.redbus.in/bus-tickets/jodhpur-to-beawer
Jaipur (Rajasthan) to Pilani,https://www.redbus.in/bus-tickets/jaipur-to-pilani
Kishangarh to Jaipur (Rajasthan),https://www.redbus.in/bus-tickets/kishangarh-to-jaipur
Delhi to Shimla,https://www.redbus.in/bus-tickets/delhi-to-shimla
Chandigarh to Hamirpur (Himachal Pradesh),https://www.redbus.in/bus-tickets/chandigarh-to-hamirpur-himachal-pradesh
Hamirpur (Himachal Pradesh) to Chandigarh,https://www.redbus.in/bus-tickets/hamirpur-himachal-pradesh-to-chandigarh
Shimla to Delhi,https://www.redbus.in/bus-tickets/shimla-to-delhi
Delhi to Chandigarh,https://www.redbus.in/bus-tickets/delhi-to-chandigarh
Hamirpur (Himachal Pradesh) to Delhi,https://www.redbus.in/bus-tickets/hamirpur-himachal-pradesh-to-delhi
Chamba (Himachal Pradesh) to Chandigarh,https://www.redbus.in/bus-tickets/chamba-himachal-pradesh-to-chandigarh
Delhi to Hamirpur (Himachal Pradesh),https://www.redbus.in/bus-tickets/delhi-to-hamirpur-himachal-pradesh
Chandigarh to Dharamshala (Himachal Pradesh),https://www.redbus.in/bus-tickets/chandigarh-to-dharamshala
Delhi to Chamba (Himachal Pradesh),https://www.redbus.in/bus-tickets/delhi-to-chamba-himachal-pradesh
Delhi to Shimla,https://www.redbus.in/bus-tickets/delhi-to-shimla
Chandigarh to Hamirpur (Himachal Pradesh),https://www.redbus.in/bus-tickets/chandigarh-to-hamirpur-himachal-pradesh
Hamirpur (Himachal Pradesh) to Chandigarh,https://www.redbus.in/bus-tickets/hamirpur-himachal-pradesh-to-chandigarh
Shimla to Delhi,https://www.redbus.in/bus-tickets/shimla-to-delhi
Delhi to Chandigarh,https://www.redbus.in/bus-tickets/delhi-to-chandigarh
Hamirpur (Himachal Pradesh) to Delhi,https://www.redbus.in/bus-tickets/hamirpur-himachal-pradesh-to-delhi
Chamba (Himachal Pradesh) to Chandigarh,https://www.redbus.in/bus-tickets/chamba-himachal-pradesh-to-chandigarh
Delhi to Hamirpur (Himachal Pradesh),https://www.redbus.in/bus-tickets/delhi-to-hamirpur-himachal-pradesh
Chandigarh to Dharamshala (Himachal Pradesh),https://www.redbus.in/bus-tickets/chandigarh-to-dharamshala
Delhi to Chamba (Himachal Pradesh),https://www.redbus.in/bus-tickets/delhi-to-chamba-himachal-pradesh
Delhi to Shimla,https://www.redbus.in/bus-tickets/delhi-to-shimla
Chandigarh to Hamirpur (Himachal Pradesh),https://www.redbus.in/bus-tickets/chandigarh-to-hamirpur-himachal-pradesh
Hamirpur (Himachal Pradesh) to Chandigarh,https://www.redbus.in/bus-tickets/hamirpur-himachal-pradesh-to-chandigarh
Shimla to Delhi,https://www.redbus.in/bus-tickets/shimla-to-delhi
Delhi to Chandigarh,https://www.redbus.in/bus-tickets/delhi-to-chandigarh
Hamirpur (Himachal Pradesh) to Delhi,https://www.redbus.in/bus-tickets/hamirpur-himachal-pradesh-to-delhi
Chamba (Himachal Pradesh) to Chandigarh,https://www.redbus.in/bus-tickets/chamba-himachal-pradesh-to-chandigarh
Delhi to Hamirpur (Himachal Pradesh),https://www.redbus.in/bus-tickets/delhi-to-hamirpur-himachal-pradesh
Chandigarh to Dharamshala (Himachal Pradesh),https://www.redbus.in/bus-tickets/chandigarh-to-dharamshala
Delhi to Chamba (Himachal Pradesh),https://www.redbus.in/bus-tickets/delhi-to-chamba-himachal-pradesh
Delhi to Shimla,https://www.redbus.in/bus-tickets/delhi-to-shimla
Chandigarh to Hamirpur (Himachal Pradesh),https://www.redbus.in/bus-tickets/chandigarh-to-hamirpur-himachal-pradesh
Hamirpur (Himachal Pradesh) to Chandigarh,https://www.redbus.in/bus-tickets/hamirpur-himachal-pradesh-to-chandigarh
Shimla to Delhi,https://www.redbus.in/bus-tickets/shimla-to-delhi
Delhi to Chandigarh,https://www.redbus.in/bus-tickets/delhi-to-chandigarh
Hamirpur (Himachal Pradesh) to Delhi,https://www.redbus.in/bus-tickets/hamirpur-himachal-pradesh-to-delhi
Chamba (Himachal Pradesh) to Chandigarh,https://www.redbus.in/bus-tickets/chamba-himachal-pradesh-to-chandigarh
Delhi to Hamirpur (Himachal Pradesh),https://www.redbus.in/bus-tickets/delhi-to-hamirpur-himachal-pradesh
Chandigarh to Dharamshala (Himachal Pradesh),https://www.redbus.in/bus-tickets/chandigarh-to-dharamshala
Delhi to Chamba (Himachal Pradesh),https://www.redbus.in/bus-tickets/delhi-to-chamba-himachal-pradesh
Yamuna Nagar to Chandigarh,https://www.redbus.in/bus-tickets/yamuna-nagar-to-chandigarh
Chandigarh to Delhi,https://www.redbus.in/bus-tickets/chandigarh-to-delhi
Delhi to Chandigarh,https://www.redbus.in/bus-tickets/delhi-to-chandigarh
Ludhiana to Chandigarh,https://www.redbus.in/bus-tickets/ludhiana-to-chandigarh
Chandigarh to Yamuna Nagar,https://www.redbus.in/bus-tickets/chandigarh-to-yamuna-nagar
Chandigarh to Ludhiana,https://www.redbus.in/bus-tickets/chandigarh-to-ludhiana
Hamirpur (Himachal Pradesh) to Chandigarh,https://www.redbus.in/bus-tickets/hamirpur-himachal-pradesh-to-chandigarh
Chandigarh to Vrindavan,https://www.redbus.in/bus-tickets/chandigarh-to-vrindavan
Chandigarh to Hamirpur (Himachal Pradesh),https://www.redbus.in/bus-tickets/chandigarh-to-hamirpur-himachal-pradesh
Chandigarh to Pathankot,https://www.redbus.in/bus-tickets/chandigarh-to-pathankot
Chandigarh to Dehradun,https://www.redbus.in/bus-tickets/chandigarh-to-dehradun
Dehradun to Chandigarh,https://www.redbus.in/bus-tickets/dehradun-to-chandigarh
Pathankot to Chandigarh,https://www.redbus.in/bus-tickets/pathankot-to-chandigarh
Sujanpur (himachal pradesh) to Chandigarh,https://www.redbus.in/bus-tickets/sujanpur-to-chandigarh
Chandigarh to Sujanpur (himachal pradesh),https://www.redbus.in/bus-tickets/chandigarh-to-sujanpur
Talwara to Chandigarh,https://www.redbus.in/bus-tickets/talwara-to-chandigarh
Vrindavan to Chandigarh,https://www.redbus.in/bus-tickets/vrindavan-to-chandigarh
Chandigarh to Shimla,https://www.redbus.in/bus-tickets/chandigarh-to-shimla
Chandigarh to Dinanagar (punjab),https://www.redbus.in/bus-tickets/chandigarh-to-dinanagar-punjab
Chandigarh to Baijnath,https://www.redbus.in/bus-tickets/chandigarh-to-baijnath
Dinanagar (punjab) to Chandigarh,https://www.redbus.in/bus-tickets/dinanagar-punjab-to-chandigarh
Chandigarh to Dharamshala (Himachal Pradesh),https://www.redbus.in/bus-tickets/chandigarh-to-dharamshala
Chandigarh to Talwara,https://www.redbus.in/bus-tickets/chandigarh-to-talwara
Chandigarh to Amritsar,https://www.redbus.in/bus-tickets/chandigarh-to-amritsar
Chandigarh to Agra,https://www.redbus.in/bus-tickets/chandigarh-to-agra
Rohtak to Chandigarh,https://www.redbus.in/bus-tickets/rohtak-to-chandigarh
Narnaul to Chandigarh,https://www.redbus.in/bus-tickets/narnaul-to-chandigarh
Amritsar to Chandigarh,https://www.redbus.in/bus-tickets/amritsar-to-chandigarh
Chandigarh to Haridwar,https://www.redbus.in/bus-tickets/chandigarh-to-haridwar
Hisar (Haryana) to Chandigarh,https://www.redbus.in/bus-tickets/hisar-haryana-to-chandigarh
Tezpur to Guwahati,https://www.redbus.in/bus-tickets/tezpur-to-guwahati
Guwahati to Tezpur,https://www.redbus.in/bus-tickets/guwahati-to-tezpur
Guwahati to Nagaon (Assam),https://www.redbus.in/bus-tickets/guwahati-to-nagaon
Nagaon (Assam) to Guwahati,https://www.redbus.in/bus-tickets/nagaon-to-guwahati
Goalpara to Guwahati,https://www.redbus.in/bus-tickets/goalpara-to-guwahati
Jorhat to North Lakhimpur,https://www.redbus.in/bus-tickets/jorhat-to-north-lakhimpur
Dhubri to Guwahati,https://www.redbus.in/bus-tickets/dhubri-to-guwahati
Jorhat to Dibrugarh,https://www.redbus.in/bus-tickets/jorhat-to-dibrugarh
North Lakhimpur to Jorhat,https://www.redbus.in/bus-tickets/north-lakhimpur-to-jorhat
North Lakhimpur to Sibsagar,https://www.redbus.in/bus-tickets/north-lakhimpur-to-sibsagar
Tezpur to Guwahati,https://www.redbus.in/bus-tickets/tezpur-to-guwahati
Guwahati to Tezpur,https://www.redbus.in/bus-tickets/guwahati-to-tezpur
Guwahati to Nagaon (Assam),https://www.redbus.in/bus-tickets/guwahati-to-nagaon
Nagaon (Assam) to Guwahati,https://www.redbus.in/bus-tickets/nagaon-to-guwahati
Goalpara to Guwahati,https://www.redbus.in/bus-tickets/goalpara-to-guwahati
Jorhat to North Lakhimpur,https://www.redbus.in/bus-tickets/jorhat-to-north-lakhimpur
Dhubri to Guwahati,https://www.redbus.in/bus-tickets/dhubri-to-guwahati
Jorhat to Dibrugarh,https://www.redbus.in/bus-tickets/jorhat-to-dibrugarh
North Lakhimpur to Jorhat,https://www.redbus.in/bus-tickets/north-lakhimpur-to-jorhat
North Lakhimpur to Sibsagar,https://www.redbus.in/bus-tickets/north-lakhimpur-to-sibsagar
Tezpur to Guwahati,https://www.redbus.in/bus-tickets/tezpur-to-guwahati
Guwahati to Tezpur,https://www.redbus.in/bus-tickets/guwahati-to-tezpur
Guwahati to Nagaon (Assam),https://www.redbus.in/bus-tickets/guwahati-to-nagaon
Nagaon (Assam) to Guwahati,https://www.redbus.in/bus-tickets/nagaon-to-guwahati
Goalpara to Guwahati,https://www.redbus.in/bus-tickets/goalpara-to-guwahati
Jorhat to North Lakhimpur,https://www.redbus.in/bus-tickets/jorhat-to-north-lakhimpur
Dhubri to Guwahati,https://www.redbus.in/bus-tickets/dhubri-to-guwahati
Jorhat to Dibrugarh,https://www.redbus.in/bus-tickets/jorhat-to-dibrugarh
North Lakhimpur to Jorhat,https://www.redbus.in/bus-tickets/north-lakhimpur-to-jorhat
North Lakhimpur to Sibsagar,https://www.redbus.in/bus-tickets/north-lakhimpur-to-sibsagar
Tezpur to Guwahati,https://www.redbus.in/bus-tickets/tezpur-to-guwahati
Guwahati to Tezpur,https://www.redbus.in/bus-tickets/guwahati-to-tezpur
Guwahati to Nagaon (Assam),https://www.redbus.in/bus-tickets/guwahati-to-nagaon
Nagaon (Assam) to Guwahati,https://www.redbus.in/bus-tickets/nagaon-to-guwahati
Goalpara to Guwahati,https://www.redbus.in/bus-tickets/goalpara-to-guwahati
Jorhat to North Lakhimpur,https://www.redbus.in/bus-tickets/jorhat-to-north-lakhimpur
Dhubri to Guwahati,https://www.redbus.in/bus-tickets/dhubri-to-guwahati
Jorhat to Dibrugarh,https://www.redbus.in/bus-tickets/jorhat-to-dibrugarh
North Lakhimpur to Jorhat,https://www.redbus.in/bus-tickets/north-lakhimpur-to-jorhat
North Lakhimpur to Sibsagar,https://www.redbus.in/bus-tickets/north-lakhimpur-to-sibsagar
Delhi to Bareilly,https://www.redbus.in/bus-tickets/delhi-to-bareilly
Bareilly to Delhi,https://www.redbus.in/bus-tickets/bareilly-to-delhi
Aligarh (uttar pradesh) to Delhi,https://www.redbus.in/bus-tickets/aligarh-uttar-pradesh-to-delhi
Delhi to Aligarh (uttar pradesh),https://www.redbus.in/bus-tickets/delhi-to-aligarh-uttar-pradesh
Lucknow to Allahabad,https://www.redbus.in/bus-tickets/lucknow-to-allahabad
Lucknow to Delhi,https://www.redbus.in/bus-tickets/lucknow-to-delhi
Delhi to Farrukhabad (Uttar Pradesh),https://www.redbus.in/bus-tickets/delhi-to-farrukhabad-up
Farrukhabad (Uttar Pradesh) to Delhi,https://www.redbus.in/bus-tickets/farrukhabad-up-to-delhi
Badaun to Delhi,https://www.redbus.in/bus-tickets/badaun-to-delhi
Allahabad to Lucknow,https://www.redbus.in/bus-tickets/allahabad-to-lucknow
Delhi to Bareilly,https://www.redbus.in/bus-tickets/delhi-to-bareilly
Bareilly to Delhi,https://www.redbus.in/bus-tickets/bareilly-to-delhi
Aligarh (uttar pradesh) to Delhi,https://www.redbus.in/bus-tickets/aligarh-uttar-pradesh-to-delhi
Delhi to Aligarh (uttar pradesh),https://www.redbus.in/bus-tickets/delhi-to-aligarh-uttar-pradesh
Lucknow to Allahabad,https://www.redbus.in/bus-tickets/lucknow-to-allahabad
Lucknow to Delhi,https://www.redbus.in/bus-tickets/lucknow-to-delhi
Delhi to Farrukhabad (Uttar Pradesh),https://www.redbus.in/bus-tickets/delhi-to-farrukhabad-up
Farrukhabad (Uttar Pradesh) to Delhi,https://www.redbus.in/bus-tickets/farrukhabad-up-to-delhi
Badaun to Delhi,https://www.redbus.in/bus-tickets/badaun-to-delhi
Allahabad to Lucknow,https://www.redbus.in/bus-tickets/allahabad-to-lucknow
Delhi to Bareilly,https://www.redbus.in/bus-tickets/delhi-to-bareilly
Bareilly to Delhi,https://www.redbus.in/bus-tickets/bareilly-to-delhi
Aligarh (uttar pradesh) to Delhi,https://www.redbus.in/bus-tickets/aligarh-uttar-pradesh-to-delhi
Delhi to Aligarh (uttar pradesh),https://www.redbus.in/bus-tickets/delhi-to-aligarh-uttar-pradesh
Lucknow to Allahabad,https://www.redbus.in/bus-tickets/lucknow-to-allahabad
Lucknow to Delhi,https://www.redbus.in/bus-tickets/lucknow-to-delhi
Delhi to Farrukhabad (Uttar Pradesh),https://www.redbus.in/bus-tickets/delhi-to-farrukhabad-up
Farrukhabad (Uttar Pradesh) to Delhi,https://www.redbus.in/bus-tickets/farrukhabad-up-to-delhi
Badaun to Delhi,https://www.redbus.in/bus-tickets/badaun-to-delhi
Allahabad to Lucknow,https://www.redbus.in/bus-tickets/allahabad-to-lucknow
Delhi to Bareilly,https://www.redbus.in/bus-tickets/delhi-to-bareilly
Bareilly to Delhi,https://www.redbus.in/bus-tickets/bareilly-to-delhi
Aligarh (uttar pradesh) to Delhi,https://www.redbus.in/bus-tickets/aligarh-uttar-pradesh-to-delhi
Delhi to Aligarh (uttar pradesh),https://www.redbus.in/bus-tickets/delhi-to-aligarh-uttar-pradesh
Lucknow to Allahabad,https://www.redbus.in/bus-tickets/lucknow-to-allahabad
Lucknow to Delhi,https://www.redbus.in/bus-tickets/lucknow-to-delhi
Delhi to Farrukhabad (Uttar Pradesh),https://www.redbus.in/bus-tickets/delhi-to-farrukhabad-up
Farrukhabad (Uttar Pradesh) to Delhi,https://www.redbus.in/bus-tickets/farrukhabad-up-to-delhi
Badaun to Delhi,https://www.redbus.in/bus-tickets/badaun-to-delhi
Allahabad to Lucknow,https://www.redbus.in/bus-tickets/allahabad-to-lucknow
Delhi to Bareilly,https://www.redbus.in/bus-tickets/delhi-to-bareilly
Bareilly to Delhi,https://www.redbus.in/bus-tickets/bareilly-to-delhi
Aligarh (uttar pradesh) to Delhi,https://www.redbus.in/bus-tickets/aligarh-uttar-pradesh-to-delhi
Delhi to Aligarh (uttar pradesh),https://www.redbus.in/bus-tickets/delhi-to-aligarh-uttar-pradesh
Lucknow to Allahabad,https://www.redbus.in/bus-tickets/lucknow-to-allahabad
Lucknow to Delhi,https://www.redbus.in/bus-tickets/lucknow-to-delhi
Delhi to Farrukhabad (Uttar Pradesh),https://www.redbus.in/bus-tickets/delhi-to-farrukhabad-up
Farrukhabad (Uttar Pradesh) to Delhi,https://www.redbus.in/bus-tickets/farrukhabad-up-to-delhi
Badaun to Delhi,https://www.redbus.in/bus-tickets/badaun-to-delhi
Allahabad to Lucknow,https://www.redbus.in/bus-tickets/allahabad-to-lucknow
Digha to Barasat (West Bengal),https://www.redbus.in/bus-tickets/digha-to-barasat-west-bengal
Durgapur to Calcutta,https://www.redbus.in/bus-tickets/durgapur-to-kolkata
Digha to Calcutta,https://www.redbus.in/bus-tickets/digha-to-kolkata
Kolkata to Digha,https://www.redbus.in/bus-tickets/kolkata-to-digha
Barasat (West Bengal) to Digha,https://www.redbus.in/bus-tickets/barasat-west-bengal-to-digha
Kolkata to Suri,https://www.redbus.in/bus-tickets/kolkata-to-suri
Barasat (West Bengal) to Midnapore,https://www.redbus.in/bus-tickets/barasat-west-bengal-to-midnapore
Midnapore to Kolkata,https://www.redbus.in/bus-tickets/midnapore-to-kolkata
Barasat (West Bengal) to Kolaghat,https://www.redbus.in/bus-tickets/barasat-west-bengal-to-kolaghat
Barasat (West Bengal) to Contai (Kanthi),https://www.redbus.in/bus-tickets/barasat-west-bengal-to-contai-kanthi
Digha to Barasat (West Bengal),https://www.redbus.in/bus-tickets/digha-to-barasat-west-bengal
Durgapur to Calcutta,https://www.redbus.in/bus-tickets/durgapur-to-kolkata
Digha to Calcutta,https://www.redbus.in/bus-tickets/digha-to-kolkata
Kolkata to Digha,https://www.redbus.in/bus-tickets/kolkata-to-digha
Barasat (West Bengal) to Digha,https://www.redbus.in/bus-tickets/barasat-west-bengal-to-digha
Kolkata to Suri,https://www.redbus.in/bus-tickets/kolkata-to-suri
Barasat (West Bengal) to Midnapore,https://www.redbus.in/bus-tickets/barasat-west-bengal-to-midnapore
Midnapore to Kolkata,https://www.redbus.in/bus-tickets/midnapore-to-kolkata
Barasat (West Bengal) to Kolaghat,https://www.redbus.in/bus-tickets/barasat-west-bengal-to-kolaghat
Barasat (West Bengal) to Contai (Kanthi),https://www.redbus.in/bus-tickets/barasat-west-bengal-to-contai-kanthi
Digha to Barasat (West Bengal),https://www.redbus.in/bus-tickets/digha-to-barasat-west-bengal
Durgapur to Calcutta,https://www.redbus.in/bus-tickets/durgapur-to-kolkata
Digha to Calcutta,https://www.redbus.in/bus-tickets/digha-to-kolkata
Kolkata to Digha,https://www.redbus.in/bus-tickets/kolkata-to-digha
Barasat (West Bengal) to Digha,https://www.redbus.in/bus-tickets/barasat-west-bengal-to-digha
Kolkata to Suri,https://www.redbus.in/bus-tickets/kolkata-to-suri
Barasat (West Bengal) to Midnapore,https://www.redbus.in/bus-tickets/barasat-west-bengal-to-midnapore
Midnapore to Kolkata,https://www.redbus.in/bus-tickets/midnapore-to-kolkata
Barasat (West Bengal) to Kolaghat,https://www.redbus.in/bus-tickets/barasat-west-bengal-to-kolaghat
Barasat (West Bengal) to Contai (Kanthi),https://www.redbus.in/bus-tickets/barasat-west-bengal-to-contai-kanthi
Digha to Barasat (West Bengal),https://www.redbus.in/bus-tickets/digha-to-barasat-west-bengal
Durgapur to Calcutta,https://www.redbus.in/bus-tickets/durgapur-to-kolkata
Digha to Calcutta,https://www.redbus.in/bus-tickets/digha-to-kolkata
Kolkata to Digha,https://www.redbus.in/bus-tickets/kolkata-to-digha
Barasat (West Bengal) to Digha,https://www.redbus.in/bus-tickets/barasat-west-bengal-to-digha
Kolkata to Suri,https://www.redbus.in/bus-tickets/kolkata-to-suri
Barasat (West Bengal) to Midnapore,https://www.redbus.in/bus-tickets/barasat-west-bengal-to-midnapore
Midnapore to Kolkata,https://www.redbus.in/bus-tickets/midnapore-to-kolkata
Barasat (West Bengal) to Kolaghat,https://www.redbus.in/bus-tickets/barasat-west-bengal-to-kolaghat
Barasat (West Bengal) to Contai (Kanthi),https://www.redbus.in/bus-tickets/barasat-west-bengal-to-contai-kanthi
